Month,Email/JIRA Date,Jira Key,Event type,Customer,Number of Customers,Event/Bulletin Title,Issue Type,Reason,Root Cause,Sub-type,Improvement VS Bug,Short Term Fix Status,Automation Opportunity,RCA Requested,Comments,Delay,Missed_Flag,Month_Sort,Delay (Hours),Reporting Month,Severity,Standard Automation Focus,RCA Details,Routed To,Resolution Date
Jan 2026,09-Jan-2026,,Factory Fire,International Motor,1,INTERNATIONAL MOTOR: missed events,Complaint,Missed Event,Product,Keyword Update,Improvement,Fixed,Dynamic Source Discovery,No,Swedish keyword variation caused miss; variation added.,,Yes,1,,Jan 2026,Medium,Dynamic Source Discovery,,Product & Platform,
Jan 2026,19-Jan-2026,,Protest/Riot,Eaton,1,Western Balkans Truckers Block Freight Borders,Complaint,Missed Event,Product,Source Coverage,Improvement,Fixed,Dynamic Source Discovery,No,Feed harvesting gap; WarRoom created after escalation.,,Yes,1,,Jan 2026,Medium,Dynamic Source Discovery,,Product & Platform,
Jan 2026,21-Jan-2026,,Factory Closure,Ford,1,Stark Manufacturing closure,Complaint,Missed Event,Product,Event Identification,Improvement,Fixed,Customer link ingestion,No,Feed harvesting gap; WarRoom created after escalation.,,Yes,1,,Jan 2026,Medium,Other Control Automation,,Product & Platform,
Jan 2026,26-Jan-2026,,Extreme Weather,Penske/Ford,2,Winter Storm Fern Geofencing,Complaint,Incorrect Action,People,Review,Improvement,Fixed,Validation automation,No,Geofence validation missed; regions updated after customer email.,6 hours,No,1,6,Jan 2026,Medium,WarRoom & Decision Validation,,EventWatch Ops - Nitin Rindhe,
Feb 2026,04-Feb-2026,,Labor Disruption,Caterpillar,1,Spain railway strike escalation (initial NC trigger),Complaint,WarRoom should have been created but was not,People,Review,Improvement,Fixed,Process control strengthening + reviewer accountability,Yes,WarRoom should have been created at initial bulletin; failure attributed to publisher and reviewer. NC raised.,,Yes,2,,Feb 2026,Medium,WarRoom & Decision Validation,,EventWatch Ops - Nitin Rindhe,
Feb 2026,06-Feb-2026,CAN-3242,Extreme Weather,Eaton,1,Winter Storm Fern – Event Not Visible on Supplier Portal for K Technologies (Eaton),Complaint,WarRoom not visible in customer profile,Product,Visibility,Improvement,Fixed,"Supplier-portal event visibility checks after an impact request is issued, so a delivered notification always has a matching visible event",No,"From Jira CAN-3242 (Resolved). The Winter Storm Fern event (customer-side 34360914, supplier-side 34399459) did not appear in the Events card or My Events on the supplier portal for K TECHNOLOGIES, even though a supplier impact was issued for Eaton and the supplier user received the notification. Portal visibility issue rather than a coverage miss.",,No,2,,Feb 2026,Medium,Notification Visibility Monitoring,"Event publishing failure, root-caused by Engineering on the ticket. Supplier Impact Notifications failed because of a query timeout, which is why the Winter Storm Fern event never surfaced on the supplier portal for K Technologies, and the same event behaved the same way for CAMCO Manufacturing and SPEX Precision Machine Technologies under EATON CORP. The underlying defect was fixed under TENAR-43400 by optimising the queries and shipped in the February End Release, with no recurrence since. The repeated processing failures had left this event's data inconsistent: send_supplier_impact_notification on the event_writeup row was false although the notification had in fact been sent and delivered. That row was corrected in production and on 30-Jul-2026 the event displayed correctly across all three supplier organisations.",Product & Platform,
Feb 2026,09-Feb-2026,,Bankruptcy,Schneider Electric,1,Insolvency event (supplier not captured),Complaint,Missed insolvency alert,Product,Source Coverage,Improvement,Fixed,Dynamic Source Discovery,Yes,Insolvency miss due to source gap; RCA finalized and shared with customer.,,Yes,2,,Feb 2026,Medium,Dynamic Source Discovery,,Product & Platform,
Feb 2026,17-Feb-2026,,Geopolitical,Nestle Global,1,"""Update 7: US Armed Forces Capture Venezuelan President…""",Complaint,Severity / consolidation handling concern,Process,Strategy,Improvement,Clarification Provided,Severity logic transparency for API/control tower users,Yes,Customer questioned severity/consolidation handling; rationale explained for single-thread WarRoom approach.,,No,2,,Feb 2026,Medium,Other Control Automation,,EventWatch Ops - Nitin Rindhe,
Feb 2026,20-Feb-2026,,Extreme Weather,Ford,1,Snowstorm Forecast Not Captured,Complaint,Missed Event,People,Event Identification,Improvement,Clarification Provided,Forecast classification logic,No,Snowstorm moved to monitoring incorrectly; decision explained to customer.,,Yes,2,,Feb 2026,Medium,Other Control Automation,,EventWatch Ops - Nitin Rindhe,
Feb 2026,20-Feb-2026,,Labor Disruption,Caterpillar,1,Spain railway strike (event not converted to WarRoom),Complaint,WarRoom not created despite nationwide disruption,Product,Review,Improvement,Fixed,Escalation automation,Yes,AI classification bias + missed human escalation; WarRoom created after reassessment. NC issued.,,Yes,2,,Feb 2026,Medium,WarRoom & Decision Validation,,Product & Platform,
Feb 2026,23-Feb-2026,,Geopolitical,Roche,1,"""Military Operation Against CJNG Cartel Triggers Multi-State Violence in Mexico""",Complaint,Coverage Verification Request,Process,Visibility,Improvement,Clarification Provided,Validation automation,Yes,Customer said event not reported; EW confirmed WarRoom already published and delivery verified.,,No,2,,Feb 2026,Medium,Notification Visibility Monitoring,,EventWatch Ops - Nitin Rindhe,
Feb 2026,25-Feb-2026,,Leadership Transition,Eaton,1,"Duplicate WarRooms: ""Xometry Announces CEO Succession Plan"" + ""Xometry Appoints New CEO""",Complaint,Duplicate WarRooms,People,Duplication,Improvement,Fixed,Duplicate detection,Yes,Duplicate WarRooms created; control failure acknowledged. NC raised for decision-making gap.,,No,2,,Feb 2026,Medium,Cluster Integrity & Duplicate Prevention,,EventWatch Ops - Nitin Rindhe,
Feb 2026,25-Feb-2026,CAN-3263,Platform/Data Quality,Molex,1,Irrelevant Partner-Sourced Sites Appearing in Customer Portal (Molex),Complaint,Wrong Relevancy,Product,Mapping,Improvement,Fixed,Tenant isolation checks on site_shareable records so sites created against a demo org cannot surface in a production customer portal,No,"From Jira CAN-3263 (Closed). Molex is an EventWatch-only customer with no SCVs launched, so no sites should show with source Partner, yet ARROW ELECTRONICS - GBR BERKSHIRE READING appeared at Tier 1. The site_shareable record under the Molex tenant had its source_id mapped to the HITACHI ENERGY MAP demo org, so demo-org sites leaked into a production portal.",,No,2,,Feb 2026,Medium,Entity & Supplier Resolution,"Cross-tenant data contamination traced to map normalisation, not to CDIF. The sites appearing in Molex's org were created on 11-Feb-2026, a date on which no MOLEX CDIF file was uploaded; their created_by_id did not match the user who always uploads Molex CDIF files, and their source_id read HITACHI ENERGY map rather than MOLEX. Since sites created through CDIF must carry the upload date, uploader and source of that upload, and no logic exists for cross-tenant site creation through CDIF, DLA or DFI, the sites cannot have arrived that way. The cause was how normalisation was performed for the HITACHI ENERGY map, with potential to affect any other customer or supplier on that map. The incorrectly added sites were deleted under DATA-68858, Tech Support validated every impacted customer, and the irrelevant sites were confirmed removed from all affected orgs on 04-Mar-2026.",Product & Platform,
Mar 2026,04-Mar-2026,,Protest/Riot,Ford,1,"""Transporters Threaten Potential Border Blockades Across Bosnia and Herzegovina""",Complaint,Missed alert / event not captured,Product,Keyword Update,Improvement,Fixed,Dynamic Source Discovery,Yes,Feeds not ingested; vendor source and keywords added after customer escalation.,,Yes,3,,Mar 2026,Medium,Dynamic Source Discovery,,Product & Platform,
Mar 2026,04-Mar-2026,,Bankruptcy,Eaton,1,"""DRUTEC Druckguss & Montagetechnik GmbH + Co. KG Files for Insolvency in Germany""",Complaint,Missed insolvency event,Product,Source Coverage,Improvement,Fixed,Dynamic Source Discovery,Yes,DRUTEC bankruptcy feeds not captured; sources not in vendor network. Vendor addition requested.,,Yes,3,,Mar 2026,Medium,Dynamic Source Discovery,,Product & Platform,
Mar 2026,10-Mar-2026,,Factory Fire,Ford,1,"""Eason & Co Notifies Of Fire Incident In Area Its Factory"" (customer wording)",Inquiry,Event not triggered / not notified,Product,Mapping,Improvement,Clarification Provided,"Customer-facing ""not mapped"" explanation template + What-If guidance",No,Event not triggered due to company not mapped as Ford supplier; explanation provided.,,Yes,3,,Mar 2026,Medium,Entity & Supplier Resolution,,Product & Platform,
Mar 2026,11-Mar-2026,,Bankruptcy,Ford,1,"""French Court Declines Accelerated Safeguard Plan for Saint Jean Industries""",Complaint,Missing Resilinc alert / insolvency not captured,Product,Source Coverage,Improvement,Fixed,Dynamic Source Discovery,Yes,Insolvency feeds not captured; vendor working on adding source.,,Yes,3,,Mar 2026,Medium,Dynamic Source Discovery,,Product & Platform,
Mar 2026,16-Mar-2026,,Cyber Attack,UVM Health Network,1,"WarRoom visibility: ""Cyber Attack Disrupts Operations at Stryker Corporation""",Complaint,WarRoom visibility affected by customer profile filters,Process,Visibility,Improvement,Clarification Provided,"Preventive UI prompt: ""Unsaved preference changes"" + default include Resilinc for WarRoom view",No,WarRoom not visible due to user preference filtering out Resilinc; customer advised to update settings.,,No,3,,Mar 2026,Medium,Notification Visibility Monitoring,,EventWatch Ops - Nitin Rindhe,
Mar 2026,16-Mar-2026,,Cyber Attack,UVM Health Network,1,"""Data Breach Reported at Intuitive Surgical Following Phishing Attack""",Complaint,Missing EventWatch coverage / feeds not captured,Product,Source Coverage,Improvement,Fixed,Dynamic Source Discovery,Yes,Phishing incident feeds not captured; WarRoom published after investigation.,,Yes,3,,Mar 2026,Medium,Dynamic Source Discovery,,Product & Platform,
Mar 2026,18-Mar-2026,,Supply Shortage,Caterpillar,1,"""LPG and LNG Gas Shortage Triggers Nationwide Industrial Disruptions Across India""",Complaint,Delay in creating separate WarRoom / delayed escalation,Product,Review,Improvement,Fixed,Escalation automation,Yes,AI classified LPG shortage as Non-Event; human review missed embedded company-impact articles. Dedicated WarRoom created.,,Yes,3,,Mar 2026,Medium,WarRoom & Decision Validation,,Product & Platform,
Mar 2026,18-Mar-2026,CAN-3278,Extreme Weather,Danaher,1,Massachusetts Level 3 Critical Drought – WarRoom Empty and Not Listed After 3 Hours (Danaher),Complaint,Delayed WarRoom,Product,Visibility,Bug,RCA Shared,"Monitoring that a WarRoom becomes visible and populated within an agreed window of the notification being sent, with alerting when it does not",Yes,"From Jira CAN-3278 (Closed). Danaher received the notification email for the Massachusetts Level 3 Critical Drought WarRoom, but the WarRoom was empty across Suppliers, Sites, Parts and Products and was absent from the WarRoom listing page more than three hours after creation. CS recorded it as reproducible and as a likely regression of CAN-2921. Cause established by Engineering as a production defect in Resilinc Analytics, fixed and verified in late March, and conveyed to the customer.",,No,3,,Mar 2026,Medium,Notification Visibility Monitoring,"Production fault in Resilinc Analytics, established on the ticket by Engineering (Sagar Date). Two faults sat in the same window. First, Customer Impact notifications were failing in production and analysts were manually re-triggering the affected events; twelve events over the preceding month were affected, including 'Authorities Declare Level 3 Critical Drought for Parts of Massachusetts, USA', the event behind this record. That fix was deployed to production on 21-Mar-2026 with no recurrence since. Second, the API that asynchronously populates event site summary data was sitting in its queue for over five hours because the required configuration was missing and the service fell back to a default queue size of 8; the execution pool was raised to a core size of 16, a maximum of 50 and a queue capacity of 2000, and database connections from 16 initial to 48 maximum. Those configurations were deployed on 27-Mar-2026, the what-if event flow was re-verified with Rohit Sawant on 31-Mar-2026, and backend checks confirmed event data being created in near real time. This was not an EventWatch analyst or process failure: the cause was an engineering configuration and notification defect, which is why the record routes to Product & Platform.",Product & Platform,
Mar 2026,23-Mar-2026,,Factory Fire,Ford,1,"""Fire at the Fuyao Glass America Site in Moraine, Ohio, USA""",Complaint,Missed alert / event not captured,Product,Source Coverage,Bug,Fixed,Dynamic Source Discovery,Yes,Open-source articles not ingested; Engineering bug identified in feed harvesting. Patch planned.,,Yes,3,,Mar 2026,Medium,Dynamic Source Discovery,,Product & Platform,
Mar 2026,25-Mar-2026,,Regulatory Change,HPE,1,"""Microsoft Azure account raised SEC notification delay (Jan 2025)""",Complaint,SEC notification not captured/provided on time,People,Process Clarification,Improvement,Clarification Provided,Regulatory feed timeliness checks + publication timestamp comparison,Yes,SEC notification delay investigation requested; awaiting closure inputs.,,Yes,3,,Mar 2026,Medium,Dynamic Source Discovery,,EventWatch Ops - Nitin Rindhe,
Mar 2026,26-Mar-2026,,Labor Disruption,Ford,1,"""Workers Strike at Freudenberg-NOK Sealing Technologies in Findlay, Ohio, USA""",Complaint,Missing Automotive industry tag (customer tracking missed it),People,Tagging,Improvement,Fixed,Auto-tagging,Yes,Automotive tag missed during publishing; oversight acknowledged. Review process reinforced.,,Yes,3,,Mar 2026,Medium,Automated Industry Tagging,,EventWatch Ops - Nitin Rindhe,
Mar 2026,28-Mar-2026,,Extreme Weather,Ford,1,"""Missed Severe Weather Alert – Midwest USA (March 26, 2026)"" (customer wording)",Complaint,Missed severe weather alert,People,Event Identification,Improvement,Clarification Provided,Escalation automation,Yes,Severe weather alert missed; response already provided on 27-Mar-26.,,Yes,3,,Mar 2026,Medium,WarRoom & Decision Validation,,EventWatch Ops - Nitin Rindhe,
Mar 2026,30-Mar-2026,TS-22591,Platform/Data Quality,PepsiCo,1,Unrecognized Supplier Names Appearing for Customer Users (PepsiCo),Complaint,Wrong Relevancy,Product,Mapping,Improvement,Fixed,Validation that supplier names shown to customer users reconcile to that customer's CDIF,No,"From Jira TS-22591 (Resolved). PepsiCo users saw supplier names that are not present in their CDIF; the CSM verified the names were absent and a second internal user reproduced it, while the reporter did not. Raised as priority.",,No,3,,Mar 2026,Medium,Entity & Supplier Resolution,"No root cause was established on the ticket. It was closed on 30-Mar-2026 with the single note that it had been created incorrectly, so the record carries no engineering finding to report.",Product & Platform,
Mar 2026,31-Mar-2026,,Cyber Attack,Ford,1,"""RESILINC - Delayed Alert for Murata Manufacturing Cyber Attack""",Complaint,Delayed alert / WarRoom created late,Product,Source Coverage,Improvement,Fixed,Dynamic Source Discovery,Yes,25-day delay: Initial source blocked + misclassification. RCA shared with retraining plan.,25 days,Yes,3,600,Mar 2026,Medium,Dynamic Source Discovery,,Product & Platform,
Apr 2026,01-Apr-2026,,Cyber Attack,Ford,1,Delay in Alert Issuance and WarRoom Creation – Murata Cyber Attack,Complaint,Delayed Event,People,Prioritization,Improvement,Fixed,Source coverage expansion,Yes,25-day delay flagged by customer; blocked source + misclassification. Retraining completed.,25 days,Yes,4,600,Apr 2026,Medium,Dynamic Source Discovery,,EventWatch Ops - Nitin Rindhe,
Apr 2026,02-Apr-2026,,Factory Fire,Ford,1,FORD MOTOR– Missing Automotive Tag in Event Watch Alert,Complaint,Incorrect Industry selection,Product,Industry selection,Improvement,Clarification Provided,Auto-tagging,Yes,Missing Automotive tag; long-term enhancement roadmap communicated.,,No,4,,Apr 2026,Medium,Automated Industry Tagging,,Product & Platform,
Apr 2026,06-Apr-2026,CAN-3298,Cyber Attack,Harman,1,Murata Manufacturing Cyber Attack – Impact Confirmation Not Sent for 4 Tier 2 Sites (Harman),Complaint,Event not triggered / not notified,Product,Mapping,Improvement,Clarification Provided,"Reconciliation between the set of sites meeting impact criteria and the set actually sent an impact-confirmation request, with an alert on any shortfall",Yes,"From Jira CAN-3298 (Open). For Harman on the Murata Manufacturing cyber attack, 45 Murata sites were potentially impacted but impact-confirmation requests went to only 41. The four omitted Tier 2 sites met customer settings and impact-region criteria. Company notification settings were on for everything except 'Site Contacts Shared by Suppliers in our SCV (mapping)'.",,Yes,4,,Apr 2026,Medium,Notification Visibility Monitoring,"No RCA was issued. An RCA was requested on this record, but the case was closed out with a clarification to Harman rather than a root cause analysis, and no root cause was documented at the time. Recorded as it happened rather than reconstructed after the fact.",Product & Platform,
Apr 2026,09-Apr-2026,,Geopolitical,Ford,1,Truckers and Farmers Block Highways Across Mexico in Nationwide Strike,Complaint,Missed Event,People,Event Identification,Improvement,Fixed,Geo-detection enhancement,Yes,"AI correctly classified, but analyst assessed as localized/temporary. NC logged; post-incident review done.",,Yes,4,,Apr 2026,Medium,AI-Assisted Geofencing,,EventWatch Ops - Nitin Rindhe,
Apr 2026,09-Apr-2026,,Factory Fire,Ford,1,"Fire at the Linamar Corporation Facility in Fruitport, Michigan, USA",Complaint,Missed Event,People,Event Identification,Improvement,Fixed,Signal extraction for company/facility + location confidence + incident cues,Yes,"AI correctly classified, but human review missed company-facility validation. NC logged.",,Yes,4,,Apr 2026,Medium,Entity & Supplier Resolution,,EventWatch Ops - Nitin Rindhe,
Apr 2026,14-Apr-2026,,Bankruptcy,Eaton,1,EATON – Missed event RCA request (Bankruptcy event),Complaint,Missed Event,Product,Event Identification,Improvement,Fixed,Source coverage expansion,Yes,Bankruptcy miss due to vendor source gap; sources added by vendor.,,Yes,4,,Apr 2026,Medium,Dynamic Source Discovery,,Product & Platform,
Apr 2026,14-Apr-2026,,Geopolitical,Eaton,1,EATON – Missed event RCA request (Border closing event),Complaint,Missed Event,Product,Event Identification,Improvement,Fixed,Keyword expansion,Yes,Border closing miss due to foreign-language keyword gap; keywords added.,,Yes,4,,Apr 2026,Medium,Multilingual Keyword Expansion,,Product & Platform,
Apr 2026,16-Apr-2026,,Regulatory Change,Caterpillar,1,Customer Query: Missing EventWatch Coverage for Hengli Hydraulic Incident,Complaint,Missed Event,Product,Event Identification,Improvement,Fixed,Keyword expansion,Yes,3/4 articles not captured by vendor; 1 Chinese article missed due to keyword gap. Enhancement planned.,,Yes,4,,Apr 2026,Medium,Multilingual Keyword Expansion,,Product & Platform,
Apr 2026,22-Apr-2026,,Earthquake,Ford,1,"Missing Alerts - 5.0 Magnitude Earthquake in San Carlos, Mexico - INC5833769",Inquiry,Coverage Verification Request,Process,Process Clarification,Improvement,Clarification Provided,Automated disruption-signal checklist before NI closure for borderline EQs,No,Feeds captured but no confirmed disruptions found; magnitude alone not sufficient per thresholds.,,No,4,,Apr 2026,Medium,Other Control Automation,,EventWatch Ops - Nitin Rindhe,
Apr 2026,29-Apr-2026,,Earthquake,Hitachi,1,HITACHI: Missing WarRoom Event for Japan Earthquake,Complaint,Geographic Coverage Clarification,Process,Process Clarification,Improvement,Clarification Provided,Geo-detection enhancement,No,Polygon methodology explained per Thresholds & Guidelines; radius standardized by magnitude/depth.,,No,4,,Apr 2026,Medium,AI-Assisted Geofencing,,EventWatch Ops - Nitin Rindhe,
Apr 2026,30-Apr-2026,,Bankruptcy,Ford,1,Missed Event Alert – Deltal Otomotiv Insolvency Filing (Ford Otosan Impact),Complaint,Missed Event,Product,Event Identification,Improvement,Fixed,Keyword expansion,Yes,Turkish keyword miss + source outside vendor network; keyword update + vendor request initiated.,,Yes,4,,Apr 2026,Medium,Multilingual Keyword Expansion,,Product & Platform,
Apr 2026,30-Apr-2026,,Bankruptcy,Ford,1,Urgent Review Required – Missed Insolvency Event | AluTec GmbH (FORD Escalation),Complaint,Missed Event,Product,Event Identification,Improvement,Fixed,Source coverage expansion,Yes,Insolvency missed due to unmapped supplier + niche-source limits; bulletin published after escalation. ~28 days delay.,~28 days (Apr 1 proceedings → Apr 29 publish),Yes,4,672,Apr 2026,Medium,Dynamic Source Discovery,,Product & Platform,
Apr 2026,30-Apr-2026,,Tornado,Collins Aerospace,1,"Delay in WarRoom Creation – Tornado Event (Mineral Wells, Texas): Ticket#11211",Complaint,Delayed Event,Process,Captured Late,Improvement,Fixed,Escalation automation,Yes,WarRoom created ~18 hours after tornado; investigation acknowledged.,18 hours,Yes,4,18,Apr 2026,Medium,WarRoom & Decision Validation,,EventWatch Ops - Nitin Rindhe,
May 2026,01-May-2026,,Tornado,Collins Aerospace,1,"Tornado (Mineral Wells, Texas)",Complaint,Delayed WarRoom,People,Review,Improvement,Fixed,Escalation automation,Yes,"Tornado occurred Apr 28, WarRoom created Apr 29 (~18 hr delay). System detected but team deprioritized",~18 hours,Yes,5,18,May 2026,Medium,WarRoom & Decision Validation,,EventWatch Ops - Nitin Rindhe,
May 2026,01-May-2026,,Bankruptcy,Ford,1,"AluTec GmbH Insolvency (Fürth, Germany)",Complaint,Missed Event,Product,Event Identification,Improvement,Fixed,Source coverage expansion,Yes,Critical missed alert flagged; insolvency opened Apr 1. Source onboarding initiated. ~30 days delay.,~30 days (Apr 1 → May 1),Yes,5,720,May 2026,Medium,Dynamic Source Discovery,,Product & Platform,
May 2026,01-May-2026,,Regulatory Change,Fedrigoni Group,1,Six paper makers price-fixing fines (South Korea),Complaint,Missed WarRoom,Product,Keyword Update,Improvement,Fixed,Dynamic Source Discovery,Yes,WarRoom not found for paper firms; keyword gap confirmed. WarRoom created Apr 30; keywords updated.,,Yes,5,,May 2026,Medium,Dynamic Source Discovery,,Product & Platform,
May 2026,05-May-2026,,Bankruptcy,Ford,1,"Trinseo ""Misses Interest Payments…"" (SIC not triggered)",Complaint,Incorrect Action,Product,Policy/Logic,Improvement,Clarification Provided,SIC trigger logic review for financial risk events,No,Customer asked if SIC can be enabled for financial risk events; policy clarification provided.,,No,5,,May 2026,Medium,Other Control Automation,,Product & Platform,
May 2026,07-May-2026,,Regulatory Change,GM,1,"OFAC alert: ""Sanctions Risks of Iranian Demands for Strait of Hormuz Passage""",Complaint,Missed Event,People,Review,Improvement,Fixed,Escalation automation,Yes,Feeds captured but classified as not impactful; NI review missed. Re-evaluated and published,,Yes,5,,May 2026,Medium,WarRoom & Decision Validation,,EventWatch Ops - Nitin Rindhe,
May 2026,07-May-2026,,Regulatory Change,Ford,1,Yangzhou Yangjie EU sanctions listing,Complaint,Missed / Delayed Event,Product,Keyword Update,Improvement,Fixed,Dynamic Source Discovery,Yes,Sanctions compliance demanded; keyword gap confirmed. WarRoom created after customer email.,,Yes,5,,May 2026,Medium,Dynamic Source Discovery,,Product & Platform,
May 2026,12-May-2026,,Cyber Attack,Eaton,1,Axios npm package compromise (Mar 31),Complaint,Coverage Verification Request,Process,Process Clarification,Improvement,Clarification Provided,Relevancy logic review,Yes,Customer asked RCA for Axios npm compromise; classified not relevant based on mapping + no operational disruption.,,No,5,,May 2026,Medium,Other Control Automation,,EventWatch Ops - Nitin Rindhe,
May 2026,12-May-2026,,Cyber Attack,NVIDIA,1,Foxconn cyber incident (outage → ransomware confirmation),Complaint,Missed + Delayed Reporting,People,Review,Improvement,Fixed,Escalation automation,Yes,Outage should have been reported May 6 but missed; cyber reporting delayed ~6 days. Data Science review ongoing.,~6 days (May 6 outage → May 12 report),Yes,5,144,May 2026,High,WarRoom & Decision Validation,,EventWatch Ops - Nitin Rindhe,
May 2026,13-May-2026,,Supply Shortage,GM,1,Oakland County Water Main Break,Complaint,Delayed Event,People,Review,Improvement,Fixed,Escalation automation,Yes,Water main break began May 10; WarRoom not until May 12 (~48 hr delay). Escalation judgment lapse; NC raised + coaching.,~48 hours,Yes,5,48,May 2026,High,WarRoom & Decision Validation,,EventWatch Ops - Nitin Rindhe,
May 2026,15-May-2026,,Labor Disruption,Ford,1,"Metal sector strike (Pontevedra/Vigo, Galicia)",Complaint,Missed Event,Product,Source Coverage,Improvement,Fixed,Dynamic Source Discovery,Yes,Strike caused total industrial paralysis; sources not monitored. Vendor source request raised.,,Yes,5,,May 2026,Medium,Dynamic Source Discovery,,Product & Platform,
May 2026,15-May-2026,,Cyber Attack,Bombardier,1,STELIA North America ransomware attack,Complaint,Missed WarRoom / No notification,Product,Process Clarification,Improvement,Clarification Provided,Mapping validation,Yes,STELIA is listed supplier but no WarRoom/notification created. Investigation and portal checks requested.,,Yes,5,,May 2026,Medium,Entity & Supplier Resolution,,Product & Platform,
May 2026,20-May-2026,,Supply Shortage,Eaton,1,"""Eggs/Chicken/FMCG"" alerts vs. cyber/software supply-chain events",Complaint,Wrong Relevancy,Product,Relevancy,Improvement,Clarification Provided,Digital vs physical risk threshold consistency review,Yes,Customer argued physical commodity alerts irrelevant while software supply-chain risk should be prioritized. Relevancy review initiated.,,No,5,,May 2026,Medium,Other Control Automation,,Product & Platform,
May 2026,20-May-2026,,Protest/Riot,Ford,1,Highway 57 blockade (Querétaro–San Luis Potosí),Complaint,Missed Event,Product,Event Identification,Improvement,RCA Shared,Geo-detection enhancement,Yes,RCA shared with customer; source coverage + keyword gap identified. Blockade lasted 27+ hours; impacted suppliers in Santa Rosa Jáuregui.,,Yes,5,,May 2026,Medium,AI-Assisted Geofencing,,Product & Platform,
May 2026,20-May-2026,,Merger & Acquisition,NVR,1,SRS Distribution completes acquisition of Mingledorff's,Complaint,Delayed / Missing WarRoom,People,Prioritization,Improvement,Fixed,Mapping validation,Yes,Supplier mapped but WarRoom delayed ~9 days; internal notes mention erosion of trust. RCA requested.,~9 days (May 11 → May 20),Yes,5,216,May 2026,Medium,Entity & Supplier Resolution,,EventWatch Ops - Nitin Rindhe,
May 2026,21-May-2026,,Wildfire,Collins Aerospace,1,"Sandy Fire (Simi Valley, CA)",Complaint,Delayed WarRoom,People,Prioritization,Improvement,Clarification Provided,Escalation automation,Yes,Fire started May 18 11am; WarRoom created May 19 9:30am (~22.5 hr delay). Investigation pending.,~22.5 hours,Yes,5,22.5,May 2026,Medium,WarRoom & Decision Validation,,EventWatch Ops - Nitin Rindhe,
May 2026,21-May-2026,,Wildfire,Collins Aerospace,1,"Bain Fire (Jurupa Valley/Riverside, CA)",Complaint,Delayed WarRoom,People,Prioritization,Improvement,Clarification Provided,Escalation automation,Yes,Fire started May 19 11am; WarRoom created next day ~8am (~21 hr delay). Investigation pending.,~21 hours,Yes,5,21,May 2026,Medium,WarRoom & Decision Validation,,EventWatch Ops - Nitin Rindhe,
May 2026,21-May-2026,,Financial Distress,Eaton,1,Otto Bihler Maschinenfabrik in restructuring,Complaint,Missed Relevant Event,Product,Keyword Update,Improvement,Fixed,Dynamic Source Discovery,Yes,Otto Bihler restructuring relevant but not alerted; irrelevant sector alerts received. Feed ingestion investigation raised.,,Yes,5,,May 2026,Medium,Dynamic Source Discovery,,Product & Platform,
May 2026,22-May-2026,,Wildfire,Ford,1,"Supplier Impact Mapping Clarification – Sandy Fire (Simi Valley, California, USA)",Inquiry,Supplier Impact Mapping Clarification,Process,Mapping,Improvement,Clarification Provided,Geofencing validation enhancement,Yes,"Customer questioned why Helium Leak Testing Inc. was mapped as impacted while Meggitt Safety Systems and Pacific Scientific were not mapped. Investigation confirmed no publicly reported evacuations, shutdowns, or operational disruptions for the Royal Ave and Voyager Ave industrial corridors. Helium Leak Testing Inc. remained within the WarRoom because the impact area had previously been expanded based on broader regional effects including wildfire smoke, reduced visibility, and air quality concerns. Geofencing methodology, supplier mapping logic, and future AI-assisted impact polygon improvements were explained to the customer.",~22.5 hours,No,5,22.5,May 2026,Low,AI-Assisted Geofencing,,EventWatch Ops - Nitin Rindhe,
Jun 2026,03-Jun-2026,,Bankruptcy,Ford,1,CROMTRYCK s.r.o. Insolvency (Czech Republic),Complaint,Missed Event,Product,Source Coverage,Improvement,Fixed,Dynamic Source Discovery,Yes,Missed insolvency event due to regional insolvency source coverage limitations and restricted/paywalled source visibility. Vendor source expansion requested.,,Yes,6,,Jun 2026,Medium,Dynamic Source Discovery,,Product & Platform,
Jun 2026,04-Jun-2026,,Protest/Riot,Ford,1,ANTAC Transport Blockades in Mexico,Complaint,Missed Event,Product,Keyword Update,Improvement,RCA Shared,Dynamic Source Discovery,Yes,RCA completed; keyword gap identified and corrective actions implemented. Spanish-language detection logic did not recognize transportation disruption and protest terminology. Relevant keywords were added.,,Yes,6,,Jun 2026,Medium,Dynamic Source Discovery,,Product & Platform,
Jun 2026,05-Jun-2026,EAO-1,Factory Disruption,Eaton,1,Burnstein von Seelen Precision Casting Operational Disruption,Complaint,Missed Event,People,Review,Improvement,RCA Shared,Supplier-aware escalation model + Not Impactful override validation,Yes,RCA shared; analyst classified event as Not Impactful. Event was successfully received and reviewed but incorrectly classified and therefore not escalated.,,Yes,6,,Jun 2026,Medium,WarRoom & Decision Validation,"Articles on the Burnstein von Seelen disruption did reach the portal, but the analyst classified the event Not Impactful and did not escalate it, so it never reached WarRoom consideration. Corrective: analyst coaching on law-enforcement, regulatory and workforce disruptions, plus an internal non-conformance raised against the reporting workflow. Preventive: extra review controls before a Not Impactful call on a monitored supplier, stronger supplier-context visibility during review, expanded audits of analyst overrides, and AI-assisted relevance work with Product/Data Science.",EventWatch Ops - Nitin Rindhe,08-Jun-2026
Jun 2026,10-Jun-2026,CAN-3377,Merger & Acquisition,Ford,1,Credit Suisse / UBS Acquisition Alert Missing from EventWatch News Dashboard (Ford),Complaint,News dashboard visibility gap,Product,Visibility,Improvement,Fixed,Parity checking between Global Search and the EventWatch News Dashboard so a published alert cannot be findable in one and absent from the other,No,"From Jira CAN-3377 (Resolved). The 'Credit Suisse to be Acquired by UBS Group' alert and all 14 of its updates were absent from Ford's EventWatch News Dashboard, and keyword searches there returned No Data Available. The same alert was returned normally by Global Search, so the content existed and only the dashboard view was affected.",,No,6,,Jun 2026,Medium,Notification Visibility Monitoring,"The ticket carries no root-cause statement. It sat unprioritised by the Transformation team through July with no committed date, was picked up later that month, and the fix was verified on Azure staging on 28-Jul-2026 as working as expected and marked resolved. What was wrong and what was changed are not recorded on the ticket.",Product & Platform,
Jun 2026,15-Jun-2026,EAO-4,Chemical Spill,Eaton,1,"CO₂ Leak at Schaeffler India Plant, Pune",Complaint,Missed Event,Product,Event Identification,Improvement,RCA Shared,Hazardous gas leak detection + mapped supplier escalation model,Yes,RCA document prepared and shared with customer. Customer reported missing EventWatch coverage related to a CO₂ leak involving fatalities at a mapped supplier facility.,,Yes,6,,Jun 2026,Medium,WarRoom & Decision Validation,RCA approved and sent to the customer on 15-Jun-2026 as a PDF attached to EAO-4; the document text is not in the ticket.,Product & Platform,18-Jun-2026
Jun 2026,15-Jun-2026,EAO-8,Supply Shortage,Belden Inc,1,MLCC Supply Chain Alert Related to AI Demand Growth,Inquiry,Coverage Verification Request,Process,Process Clarification,Improvement,Clarification Provided,Forecast vs Event differentiation,No,Article was an investment and market outlook discussing future MLCC demand and did not meet EventWatch reporting thresholds.,,No,6,,Jun 2026,Medium,Other Control Automation,"Not an event under the reporting criteria. The article was a financial and market outlook on future demand and investment opportunity in the AI supply chain. It highlights potential growth in MLCC demand but identifies no actual supply chain risk or disruption, and an investment outlook rather than a report of a disruption does not meet the EventWatch Threshold criteria.",EventWatch Ops - Nitin Rindhe,29-Jun-2026
Jun 2026,23-Jun-2026,EAO-6,Merger & Acquisition,Caterpillar,1,Dana Incorporated to Merge with Eaton's Mobility Business,Complaint,Impacted Supplier Missing,People,Mapping,Improvement,RCA Shared,Supplier relationship validation + impacted entity completeness checks,Yes,Customer-facing RCA requested and RCA document prepared. Dana Holding Corporation was not included in impacted supplier selection during initial WarRoom creation and was subsequently added.,,No,6,,Jun 2026,Medium,Entity & Supplier Resolution,"The primary transaction participants were identified correctly, but Dana Holdings was omitted during the initial review of related corporate entities and supplier relationships; a WarRoom update was issued to add it. Preventive: mandatory secondary review for impacted-supplier assessments involving mergers, acquisitions, restructurings and other multi-entity transactions. RCA shared 13-Jul-2026.",EventWatch Ops - Nitin Rindhe,14-Jul-2026
Jun 2026,23-Jun-2026,EAO-7,Geopolitical,Western Digital,1,"Inquiry on Route Disruption – Sepone Bridge, Laos",Inquiry,Customer Requested Verification,Process,Process Clarification,Improvement,Clarification Provided,Route-risk monitoring enhancement,No,"Review of English and local-language sources did not identify any verified disruption, closure, or logistic impact.",,No,6,,Jun 2026,Medium,Other Control Automation,"No public source existed to report from. A review of publicly available sources, covering English as well as Lao and regional local-language coverage, found no official confirmation from government authorities, logistics providers or credible media of a bridge closure, restriction or disruption to freight movement near Sepone in Savannakhet Province, and no verified reports of impact to trucking operations or access to the Savannakhet ICD. The customer was asked to share any specific article or source they held so it could be reviewed.",EventWatch Ops - Nitin Rindhe,25-Jun-2026
Jun 2026,24-Jun-2026,EAO-10,Cyber Attack,Western Digital,1,Nidec Chaun Choung Technology Suffers Ransomware Attack,Complaint,Missed Event,People,Review,Improvement,RCA Shared,Supplier-aware cyber incident escalation model,Yes,RCA prepared; analyst impact-assessment failure identified. Event was captured successfully but incorrectly assessed as Not Impactful during analyst review and therefore not escalated.,,Yes,6,,Jun 2026,Medium,WarRoom & Decision Validation,RCA reviewed and sent to the customer as a PDF attached to EAO-10 (29-Jun-2026); the document text is not in the ticket.,EventWatch Ops - Nitin Rindhe,29-Jun-2026
Jun 2026,25-Jun-2026,EAO-9,Factory Fire,Caterpillar,1,"Fire at the Isselguss GmbH Facility in Isselburg, Germany",Complaint,Missed Event,Product,Event Identification,Improvement,RCA Shared,Entity-location-aware clustering + cluster separation validation,Yes,"RCA PDF prepared and approved for customer sharing. Event was captured by feeds but incorrectly clustered with another unrelated factory fire in Germany, preventing separate WarRoom creation.",,Yes,6,,Jun 2026,Medium,Entity & Supplier Resolution,RCA approved and sent to the customer on 25-Jun-2026 as a PDF attached to EAO-9; the document text is not in the ticket. The WarRoom itself was published before the RCA was issued.,Product & Platform,29-Jun-2026
Jun 2026,26-Jun-2026,EAO-5,Extreme Weather,Woodward,1,Severe Storms Trigger Disruptions Across the Midwest USA – Geographic Misclassification,Complaint,Geographic Misclassification,People,Review,Improvement,Fixed,Cluster integrity validation + geographic consistency checks,Yes,California sites were incorrectly included because two different events were merged into the same WarRoom.,,No,6,,Jun 2026,Medium,Cluster Integrity & Duplicate Prevention,"Analyst-side grouping error, not a geofencing or source defect. The reporting team clubbed two separate events together, so California sites were attached to the Midwest Storm WarRoom where they did not belong. A DATA ticket was raised and the California sites were removed from the WarRoom.",EventWatch Ops - Nitin Rindhe,
Jun 2026,30-Jun-2026,EAO-11,Factory Fire,Caterpillar,1,Isselguss / Isselburg Foundry Naming Clarification,Inquiry,Customer Terminology Preference,Process,Process Clarification,Improvement,Clarification Provided,Company alias management,No,Isselguss and Isselburg Foundry refer to the same facility. Title updated to align with customer terminology preference and not due to a reporting error.,,No,6,,Jun 2026,Medium,Entity & Supplier Resolution,"Not an error, a terminology preference. Isselguss, or Isselguss, is the commonly used shorthand for Isselburg Guss und Bearbeitung GmbH, the Isselburg foundry; the formal company name and the short name refer to the same operation. Initial local and regional coverage of the incident used Isselguss because that is the locally recognisable name of the site, while other coverage described the same location simply as the foundry in Isselburg. The bulletin was updated to Isselburg foundry to match the customer's preferred terminology, and that change should not be read as correcting a mistake.",EventWatch Ops - Nitin Rindhe,01-Jul-2026
Jul 2026,01-Jul-2026,EAO-12,Labor Disruption,Ford,1,"BorgWarner Indefinite Strike – Vigo Metropolitan Area, Spain",Complaint,Missed Event,Product,Event Identification,Improvement,Clarification Provided,Vendor-to-portal feed validation + cluster state integrity monitoring,Yes,"Customer reported missed EventWatch notification for an indefinite strike at BorgWarner facilities in Zamáns, O Porriño, and Nigrán. CS investigation confirmed two previous strike notifications were successfully delivered to Ford, but no notification was generated for the July 1 event. Internal investigation notes indicate the articles were captured by the vendor and Spanish language algorithm but did not appear in the analyst portal. Engineering review referenced an inconsistent cluster state condition during the affected period.",Yes,Yes,7,,Jul 2026,Medium,Dynamic Source Discovery,Feeds covering the BorgWarner Vigo indefinite strike were in the public domain from 26-Jun-2026 but were not captured on the portal until 1 July; Engineering was asked to investigate why the 26-27 June sources were missed. RCA approved and shared 09-Jul-2026.,Product & Platform,13-Jul-2026
Jul 2026,06-Jul-2026,EAO-13,Factory Fire,Ford,1,"Fire at FXI Foam Manufacturing Plant in Cuautitlan, Mexico",Complaint,Missed Event,Product,Policy/Logic,Improvement,RCA Shared,"Relevance scoring that stops treating supplier mapping as a dominant decision factor for major industrial incidents, weighting incident severity, manufacturing activity, facility type, industry relevance and downstream supply chain potential instead, so an unmapped manufacturing site is not closed out before an analyst has weighed it",Yes,"Customer reported a fire at FXI, a Tier 2 supplier, causing a Force Majeure at Sage Automotive Interiors, with no matching EventWatch notification. Established as a relevance-scoring weakness rather than an analyst error: the event was captured, classified Not Impactful because the company was unmapped, and the analyst review concurred. Resilinc accepted the customer's challenge to the methodology, issued an ICA on 17-Jul-2026 adding a manual review for major industrial incidents initially classified Not Impactful, and committed to a PCA enhancing the AI relevance-scoring models by end July 2026.",,Yes,7,,Jul 2026,Medium,WarRoom & Decision Validation,"A methodology weakness that Resilinc accepted, not an analyst error. EventWatch did capture multiple public reports of the 28-Jun-2026 fire at the foam manufacturing facility in Cuautitlan Izcalli, Mexico. The AI classification models then categorised it Not Impactful on three grounds: the company was not a mapped supplier in the database, no mapped supplier sites sat near the incident, and public reporting described a mattress/foam plant fire with no confirmed downstream impact. The reporting team reviewed the captured articles under human-in-the-loop validation and concurred, so nothing was published. The Force Majeure that Sage Automotive Interiors issued could not be confirmed in English or Spanish public sources and appears to have gone through direct supplier channels, so EventWatch could not publish it either; a monitoring record was created to catch any public confirmation. The customer challenged the methodology itself - why supplier presence in an internal database filters an assessment that is meant to rest on public information - and Resilinc agreed the observation was right. Interim corrective action, in force now: major industrial incidents at manufacturing facilities initially classified Not Impactful get an additional manual review, and are no longer closed solely on the absence of mapped suppliers or immediately confirmed downstream impact; analysts weigh facility type, manufacturing activity, incident severity, industry relevance and downstream potential before the publication decision. Permanent corrective action: the AI relevance-scoring models are being enhanced so supplier mapping is no longer a dominant factor, shared with Data Science and on the AI roadmap, targeted for deployment by end July 2026, at which point the interim manual control folds into the automated decision.",Product & Platform,17-Jul-2026
Jul 2026,08-Jul-2026,EAO-14,Factory Fire,Ford,1,"New World International Co. Factory Fire, Thailand",Complaint,Missed Event,People,Review,Improvement,Clarification Provided,Supplier-aware factory fire escalation model + Not Impactful override validation,Yes,Feeds were received and event was reportedly marked Not Impactful despite destruction of production/storage facility. Investigation ongoing.,,Yes,7,,Jul 2026,Medium,WarRoom & Decision Validation,RCA approved and sent to the customer on 13-Jul-2026 as a PDF attached to EAO-14; the document text is not in the ticket.,EventWatch Ops - Nitin Rindhe,14-Jul-2026
Jul 2026,08-Jul-2026,EAO-15,Supply Shortage,META,1,Samsung DRAM Price Increase Alert – WarRoom Not Created,Inquiry,Missed WarRoom,Process,WarRoom Creation,Improvement,Clarification Provided,Site Selection Suggestion based on unnormalized supplier names,Yes,EventWatch alert published but corresponding WarRoom not created despite supplier normalization. Investigation ongoing.,No,Yes,7,,Jul 2026,Low,Entity & Supplier Resolution,"The event met the Price Fluctuation reporting threshold and did qualify for a WarRoom; the failure came later, in customer-specific supplier normalization. The Samsung Electronics sites are normalized under Samsung for the affected customer, and that normalization was not applied during the impacted-site assessment, so the sites were never associated with the event and no customer WarRoom was created. This was not a parent-child modelling issue. Normalization is maintained outside the EventWatch editorial workflow, so the response is strengthened validation controls plus AI-assisted WarRoom generation rather than a guarantee. RCA shared 15-Jul-2026.",EventWatch Ops - Nitin Rindhe,17-Jul-2026
Jul 2026,10-Jul-2026,EAO-16,Hurricane/Typhoon,Eaton,1,Super Typhoon Bavi WarRoom Timing Clarification (Taiwan),Inquiry,WarRoom Timing/Trigger Criteria Clarification,Process,Process Clarification,Improvement,Clarification Provided,WarRoom trigger-criteria explanation template for post-peak activations,No,"Staged from Jira EAO-16 (Done). Eaton asked why the WarRoom for Super Typhoon Bavi (Taiwan) was activated on 9-Jul after the storm had already peaked, and what triggering criteria were used.",,No,7,,Jul 2026,Low,WarRoom & Decision Validation,"EventWatch captured multiple Philippines articles before the dedicated Philippines WarRoom was created, but they were assessed Not Impactful during reporting review, when available reports still described preparedness and localized impacts. Root cause: human assessment error underestimating the significance of the evolving Philippines impacts, which delayed WarRoom creation. Preventive: multi-country weather events assessed independently for each affected geography rather than inferred from the wider storm.",EventWatch Ops - Nitin Rindhe,21-Jul-2026
Jul 2026,10-Jul-2026,EAO-17,Litigation/Legal,Micron,1,Jacobs Engineering/CH2M Hill Forced Labor Lawsuit – Missed EventWatch Notification (Micron),Complaint,Missed Event,Product,Source Coverage,Improvement,RCA Shared,Legal/labor-litigation source coverage and entity-linking for supplier-adjacent lawsuits,Yes,Staged from Jira EAO-17 (Done). Micron reported a forced-labor lawsuit against Jacobs Engineering/CH2M Hill was not captured in EventWatch and requested RCA if it was in scope.,,Yes,7,,Jul 2026,Medium,Dynamic Source Discovery,RCA reviewed and sent to the customer on 14-Jul-2026 as a PDF attached to EAO-17; the document text is not in the ticket.,Product & Platform,14-Jul-2026
Jul 2026,13-Jul-2026,EAO-18,Supply Shortage,Western Digital,1,Suspension Baseplate Supply Risk Monitoring Request (Fujita Plating/NHK/OSK),Inquiry,Coverage Verification Request,Process,Process Clarification,Improvement,Clarification Provided,Supplier decommitment/capacity-risk monitoring for sub-tier component makers,No,Staged from Jira EAO-18 (Done). Western Digital asked whether EventWatch has published or is monitoring a reported Suspension Baseplate supply risk tied to Fujita Plating/NHK/OSK decommitments; CS found no matching event in the backend.,,No,7,,Jul 2026,Low,Other Control Automation,"No publicly verifiable evidence existed, so the reported risk could not be published. Research across English and Japanese public sources found no credible reports confirming production constraints or operational disruption at Fujita Plating, no decommitments by NHK or OSK, no Force Majeure declaration and no publicly confirmed factory, labour or supply shortage event connected to the situation. No public statements were identified from Fujita Plating, NHK Spring, TDK, MPT or any other involved company. The reported risk appears to have originated in supplier-network communication rather than the public domain. EventWatch publishes on verified public information, so the topic was placed under monitoring with a story created, to be reassessed and published if credible public confirmation appears. Closed on 21-Jul-2026 with no follow-up question from the customer.",EventWatch Ops - Nitin Rindhe,21-Jul-2026
Jul 2026,14-Jul-2026,EAO-19,Power Outage,Ford,1,RFI – Power Grid Failure Monitoring Strategy,Inquiry,Monitoring Strategy RFI,Process,Process Clarification,Improvement,Clarification Provided,Published monitoring-scope documentation for power-grid/infrastructure failure events,No,Staged from Jira EAO-19 (Done). Ford requested an explanation of Resilinc's monitoring strategy for power grid failure events after multiple incidents affected suppliers in the US and Europe.,,No,7,,Jul 2026,Low,Other Control Automation,"Not a miss - an inquiry answered in full. EventWatch monitors power infrastructure continuously across utilities and transmission operators, government and emergency agencies, grid operators, news sources and official outage maps. Reporting is risk-based rather than every outage: mapped supplier sites in the affected region, impact on manufacturing hubs, ports, warehouses and logistics, expected outage duration, and public confirmation of operational disruption, all against regional reporting thresholds.",EventWatch Ops - Nitin Rindhe,17-Jul-2026
Jul 2026,17-Jul-2026,EAO-20,Bankruptcy,Honeywell,1,ASSMANN WSW Components GmbH Bankruptcy Filing – Missed Coverage (Honeywell Tier 1 Supplier),Complaint,Missed insolvency alert,Product,Source Coverage,Improvement,Fixed,Tier-1 supplier bankruptcy/insolvency filing source coverage expansion (EU registries),Yes,Staged from Jira EAO-20 (Done). Honeywell reported ASSMANN WSW Components GmbH's July 6 insolvency filing (a mapped Tier-1 supplier) was never published as an EventWatch bulletin or WarRoom; RCA requested.,,Yes,7,,Jul 2026,Medium,Dynamic Source Discovery,German-language sources reporting the ASSMANN WSW Components insolvency were not captured by the portal; Engineering was asked to investigate the feed gap. RCA reviewed and shared with the customer 20-Jul-2026.,Product & Platform,21-Jul-2026
Jul 2026,17-Jul-2026,EAO-21,Wildfire,Ford,1,Severe Air Quality Degradation – Canadian Wildfires Missed Alert (Midwest/Northeast US),Complaint,Missed Event,People,Event Identification,Improvement,RCA Shared,Escalation automation for environmental-hazard advisories,Yes,Staged from Jira EAO-21 (Done). Ford reported no EventWatch alert/WarRoom was generated for July 15-17 wildfire smoke air-quality degradation across the US Midwest/Northeast; CS confirmed no matching notification was found.,,Yes,7,,Jul 2026,Medium,WarRoom & Decision Validation,RCA approved and sent to the customer on 21-Jul-2026 as a PDF attached to EAO-21; the document text is not in the ticket.,EventWatch Ops - Nitin Rindhe,27-Jul-2026
Jul 2026,27-Jul-2026,EAO-22,Cyber Attack,Eaton,1,Romania ANCPI Cyberattack – Missed EventWatch Notification,Inquiry,Wrong Relevancy,Process,Policy/Logic,Improvement,Clarification Provided,"A feedback path from a disputed Not Impactful classification back into the reporting criteria, so a customer telling us a government-services disruption does affect them tunes the model rather than closing as no further context",No,Staged from Jira EAO-22 (Done). Eaton reported the July 14-16 ANCPI (Romania land registry) cyberattack had no corresponding WarRoom or news on the portal; RCA requested if it was in scope.,,No,7,,Jul 2026,Medium,WarRoom & Decision Validation,"Not a miss and not a coverage gap. The EventWatch feed harvesting algorithms did capture reports of the ransomware attack on Romania's National Agency for Cadastre and Public Registry (ANCPI). The AI classification models evaluated it against the current EventWatch reporting criteria and classified it Not Impactful: the attack disrupted ANCPI's land registry services, but the assessment found no evidence of impact on customer industries, suppliers, manufacturing, logistics or transportation, and no reports of production delays or distribution disruption. The disruption was limited to government services and did not warrant a supply chain risk notification. The customer was told this, invited to share any operational impact or dependency on ANCPI services so the models and criteria could be tuned, and the ticket was closed when no further context came back. A written explanation was provided; no RCA was issued or owed.",EventWatch Ops - Nitin Rindhe,29-Jul-2026
Aug 2026,03-Aug-2026,EAO-24,Factory Fire,Ford,1,TOHOKU Chemical Japan Fire – Sub-tier Cashew Dust Supplier,Inquiry,Coverage Verification Request,Process,Process Clarification,Improvement,Clarification Provided,"A customer-reported event with no public source should register as a monitoring story the customer can see, and publish automatically once a credible public source appears, rather than the customer having to ask again",No,"EAO-24: No proactive alert was generated for the July 21 fire. Customer requested RCA, ICA, and PCA for the missed coverage. RCA shared.",,No,8,,Aug 2026,Medium,Other Control Automation,"No public source existed to report from. An extensive search across English and Japanese public sources found no credible news articles or official announcements confirming a fire at TOHOKU Chemical Japan on 21-Jul-2026, and TOHOKU Chemical's own website and news releases do not reference a fire or related disruption in that period. The incident appears to have reached the customer through non-public channels such as direct supplier communication. EventWatch reports only on publicly available and verifiable information, so a monitoring story was created and public sources in both languages continue to be scanned; the alert publishes if credible public information appears. The customer was asked to share any public source they hold. A written explanation was provided; no RCA was issued or owed.",EventWatch Ops - Nitin Rindhe,05-Aug-2026
Aug 2026,03-Aug-2026,EAO-25,Factory Fire,GM,1,"Fire at UTAS-Nova Automotive Lighting Systems, Danyang, Jiangsu, China",Complaint,Missed Event,Product,Source Coverage,Improvement,RCA Shared,Cluster-assignment validation so an article grouped into the wrong cluster is caught before analyst review,Yes,"Staged from Jira EAO-25 (Sent to PM). GM reported a fire at UTAS-Nova Automotive Lighting Systems, Danyang, Jiangsu, China (reported July 10) was not found in GM's org; investigation findings not yet shared, Short Term Fix Status set to Pending until CS responds.",,Yes,8,,Aug 2026,Medium,Dynamic Source Discovery,"Captured, but grouped into the wrong event cluster, so the analyst reviewing that cluster marked it Not Impactful and it never reached WarRoom consideration. The miss is a clustering defect rather than a source-coverage gap or an analyst-judgement failure: the article was in the system and the grouping put it in front of the wrong decision. The cluster logic has since been enhanced.",Product & Platform,
Aug 2026,03-Aug-2026,EAO-25,Tornado,GM,1,"Chicago Heights, Illinois Tornado – Trialco Impact Not Identified",Complaint,Missed Event,Product,Source Coverage,Improvement,RCA Shared,Cluster-assignment validation so an article grouped into the wrong cluster is caught before analyst review,Yes,"Staged from Jira EAO-25 (Sent to PM). GM reported no event was created specifically for the July 27 Chicago Heights, Illinois tornado (broader Illinois storm alerts existed) and asked whether Trialco was identified as impacted; investigation findings not yet shared, Short Term Fix Status set to Pending until CS responds.",,Yes,8,,Aug 2026,Medium,Dynamic Source Discovery,"Captured, but grouped into the wrong event cluster, so the analyst reviewing that cluster marked it Not Impactful and it never reached WarRoom consideration. The miss is a clustering defect rather than a source-coverage gap or an analyst-judgement failure: the article was in the system and the grouping put it in front of the wrong decision. The cluster logic has since been enhanced.",Product & Platform,
Aug 2026,04-Aug-2026,CAN-3433,Earthquake,Hitachi,1,Disruption Agent Returns Only Tier 1 Suppliers for Kumamoto Earthquake Query (Hitachi),Complaint,Impacted Supplier Missing,Product,Policy/Logic,Improvement,Fixed,Disruption Agent response completeness checks so a prompt asking for multiple supplier tiers returns all of them in one response,No,"From Jira CAN-3433 (Resolved). For Hitachi, a single Disruption Agent prompt asking for both Tier 1 and Tier 2 suppliers potentially impacted by the 6.8 magnitude Kumamoto earthquake returned Tier 1 only; Tier 2 required a second prompt.",,No,8,,Aug 2026,Low,Other Control Automation,A data hygiene defect on the EventWatch side: leading and trailing spaces in the values the Disruption Agent matched on. They were stripped under TENAR-45367 and the fix was verified on stage on 07-Aug-2026.,Product & Platform,
Aug 2026,11-Aug-2026,EAO-23,Regulatory Change,Ford,1,China MOFCOM Announcement No. 30 of 2026 (Export Control Watchlist),Complaint,Missed Event,People,Review,Improvement,RCA Shared,Not Impactful Decision Validation,Yes,EAO-23: News was captured but initially classified as Not Impactful by AI. Human-in-the-loop review did not escalate the event. RCA shared based on the investigation trail.,,Yes,8,,Aug 2026,Medium,WarRoom & Decision Validation,RCA approved and sent to the customer on 05-Aug-2026 as a PDF attached to EAO-23; the document text is not in the ticket.,EventWatch Ops - Nitin Rindhe,18-Aug-2026
Aug 2026,17-Aug-2026,EAO-27,Geopolitical,Ford,1,Ceuta Border Security & Humanitarian Crisis,Complaint,Missed Event,People,Review,Improvement,RCA Shared,WarRoom Trigger Automation,Yes,EAO-27: Customer reported a missed EventWatch alert and requested an update. RCA shared following review of the event.,,Yes,8,,Aug 2026,Medium,WarRoom & Decision Validation,RCA reviewed and sent to the customer on 20-Aug-2026 as a PDF attached to EAO-27; the document text is not in the ticket. Closed 25-Aug-2026 after no customer follow-up.,EventWatch Ops - Nitin Rindhe,25-Aug-2026
Aug 2026,17-Aug-2026,EAO-28,Transport Disruption,Eaton,1,Kandla Port Cargo Congestion – Supplier Impact Notification Clarification (Eaton),Inquiry,Supplier Impact Mapping Clarification,Process,Mapping,Improvement,Clarification Provided,Impact-confirmation notification criteria documentation for port/logistics bulletins,No,"Staged from Jira EAO-28 (Done). Eaton asked what criteria triggered impact-confirmation notifications to Eaton suppliers on the Kandla Port cargo congestion bulletin, since the bulletin text focused on rice exports.",,No,8,,Aug 2026,Low,Entity & Supplier Resolution,"No RCA document issued - the team shares one only where there was a miss. Clarification given instead: EventWatch published the Kandla congestion event on reports of clearance delays up to 40 days and container shortages. The source article highlighted rice exports, but nothing indicated the congestion was confined to rice cargo, so mapped supplier sites within the impact area were sent Supplier Impact Confirmation requests as proactive validation. The outreach was not a statement that those suppliers were already impacted.",EventWatch Ops - Nitin Rindhe,25-Aug-2026
Aug 2026,18-Aug-2026,EAO-26,Factory Fire,Ford,1,Sasol Polyethylene Plant Fire / Shutdown,Complaint,Missed Event,Product,Source Coverage,Improvement,RCA Shared,Dynamic Source Discovery,Yes,EAO-26: Customer reported a missed EventWatch alert for the Sasol polyethylene plant fire and shutdown. Investigation and RCA were requested; RCA shared.,,Yes,8,,Aug 2026,Medium,Dynamic Source Discovery,RCA reviewed and sent to the customer on 20-Aug-2026 as a PDF attached to EAO-26; the document text is not in the ticket. Closed 25-Aug-2026 after no customer follow-up.,Product & Platform,25-Aug-2026
Aug 2026,20-Aug-2026,EAO-29,Hurricane/Typhoon,Ford,1,Typhoon Dolphin Bulletins Distributed Across Two WarRooms,Inquiry,Coverage Verification Request,Process,Policy/Logic,Improvement,Clarification Provided,"Make the shared update sequence legible on the bulletin itself, so a jump from Update 2 to Update 5 in one country's WarRoom shows which storm-lifecycle updates ran under the other WarRooms instead of reading as missing bulletins",No,"EAO-29: Bulletins were distributed across two WarRooms, resulting in gaps in the update sequence. Customer requested RCA; RCA shared.",,No,8,,Aug 2026,Low,Other Control Automation,"Not duplicate WarRooms and not a defect: a question about a deliberate internal convention. Country-specific WarRooms for one storm share a single update sequence so the chronology of the underlying event stays end to end. A storm evolves over days, changes direction and intensity and crosses borders, and a shared sequence lets a customer exposed in several geographies see where each development sits in the overall lifecycle. It also signals maturity of the threat: restarting the numbering for each new country would make an established, highly disruptive typhoon appear as an Initial Bulletin. It further preserves cross-country traceability, since independent numbering would produce several Update 1s and Update 2s for the same storm. The WarRoom says where a development is relevant; the update number says where it falls in the storm's lifecycle. So when the China WarRoom runs from Update 2 to Update 5, Updates 3 and 4 are not missing - they were intervening Typhoon Dolphin developments relevant to Japan and published under the Japan WarRoom, the same principle covering Update 7 for Taiwan. The explanation was shared with the customer, who was invited to give further feedback.",EventWatch Ops - Nitin Rindhe,07-Sep-2026
Aug 2026,21-Aug-2026,EAO-25,Transport Disruption,Ford/GM,2,"World Trade Bridge Closed in Laredo, Texas",Complaint,Missed Event,Product,Keyword Update,Improvement,Fixed,Dynamic Source Discovery,Yes,EAO-25: Event was missed due to a keyword gap. Keyword was added and the article is now being captured.,,Yes,8,,Aug 2026,Medium,Dynamic Source Discovery,"Source articles for the Laredo World Trade Bridge closure, the Nemak Monterrey fire and the FXI Cuautitlan fire were not captured on the portal; Engineering investigation into the feed gap was requested 04-Aug-2026. Ticket is still open with PM, so no RCA has been issued yet.",Product & Platform,
Aug 2026,21-Aug-2026,EAO-25,Factory Fire,Ford/GM,2,"Fire at FXI de Cuautitlán, S.A. de C.V.",Complaint,Missed Event,Product,Source Coverage,Improvement,RCA Shared,Dynamic Source Discovery,Yes,EAO-25: Event was not captured by the vendor due to a source coverage gap. Vendor was asked to add the sources to its network. RCA shared based on the investigation trail.,,Yes,8,,Aug 2026,Medium,Dynamic Source Discovery,"Source articles for the Laredo World Trade Bridge closure, the Nemak Monterrey fire and the FXI Cuautitlan fire were not captured on the portal; Engineering investigation into the feed gap was requested 04-Aug-2026. Ticket is still open with PM, so no RCA has been issued yet.",Product & Platform,
Aug 2026,24-Aug-2026,EAO-25,Factory Fire,Ford/GM,2,"Fire at Nemak Factory in Monterrey, Mexico",Complaint,Missed Event,People,Review,Improvement,RCA Shared,Not Impactful Decision Validation,Yes,EAO-25: News processing captured the article and attached it to an updated factory-fire cluster. The event was later marked Not Impactful by the analyst. RCA shared based on the investigation trail.,,Yes,8,,Aug 2026,Medium,WarRoom & Decision Validation,"Source articles for the Laredo World Trade Bridge closure, the Nemak Monterrey fire and the FXI Cuautitlan fire were not captured on the portal; Engineering investigation into the feed gap was requested 04-Aug-2026. Ticket is still open with PM, so no RCA has been issued yet.",EventWatch Ops - Nitin Rindhe,
Aug 2026,24-Aug-2026,TS-22695,Cyber Attack,The American National Red Cross,1,Uber Freight Investigates Reported Cyberattack After Hackers Claim Data Breach,Complaint,WarRoom not visible in customer profile,Process,Visibility,Improvement,RCA Shared,Notification Visibility Monitoring,No,EAO-30: EventWatch news was published on August 13 but was not visible on the customer portal. Portal visibility investigation completed and clarification provided.,,Yes,8,,Aug 2026,Medium,Notification Visibility Monitoring,,EventWatch Ops - Nitin Rindhe,
Aug 2026,31-Aug-2026,EAO-31,Cyber Attack,Schneider Electric,1,Gindre India Data Breach – EventWatch Alert/WarRoom Missing,Complaint,Missed Event,Product,Source Coverage,Improvement,RCA Shared,Dynamic Source Discovery,Yes,EAO-31: No corresponding EventWatch event or WarRoom was found for the reported data breach. Source coverage review completed and RCA shared.,,Yes,8,,Aug 2026,Medium,Dynamic Source Discovery,Feeds reporting the Qilin ransomware breach at Gindre India were not captured on the EventWatch portal; Engineering investigation requested 31-Aug-2026. RCA reviewed and shared with the customer 03-Sep-2026.,Product & Platform,07-Sep-2026
Aug 2026,31-Aug-2026,,Cyber Attack,Merck,1,Baxter International Reports a Cybersecurity Incident,Complaint,Missed Event,People,Review,Improvement,RCA Shared,Not Impactful Decision Validation,Yes,"Customer reported the missed Baxter ransomware incident. EventWatch captured the report on August 14, but human review incorrectly marked it Not Impactful; the event was re-evaluated, a WarRoom was created, and an NC was raised.",,Yes,8,,Aug 2026,Medium,WarRoom & Decision Validation,,EventWatch Ops - Nitin Rindhe,
Aug 2026,31-Aug-2026,,Cyber Attack,Merck,1,McKesson Corporation Confirms Data Breach Following a Cybersecurity Incident,Complaint,Missed Event,People,Review,Improvement,RCA Shared,Entity & Duplicate Decision Validation,Yes,"Customer reported the missed McKesson data-breach incident. EventWatch captured the report on August 28, but human review assumed it was already covered; the event was re-evaluated, a WarRoom was created, and an NC was raised.",,Yes,8,,Aug 2026,Medium,WarRoom & Decision Validation,,EventWatch Ops - Nitin Rindhe,
Aug 2026,31-Aug-2026,EAO-32,Counterfeit,Liberty Blume,1,Ciena 400G Optics Counterfeit Risk Intelligence Request (Liberty Blume),Inquiry,Intelligence/Advisory Request,Process,Process Clarification,Improvement,Clarification Provided,Counterfeit/grey-market component intelligence briefing capability,No,Staged from Jira EAO-32 (Open). Liberty Blume requested industry intelligence on counterfeit/grey-market Ciena 400G optical transceivers beyond the supplier scanning report already provided.,,No,8,,Aug 2026,Low,Other Control Automation,"No RCA: an intelligence request, not a service miss. Liberty Blume asked for further detail on Ciena 400G optics counterfeit risk. EventWatch confirmed to the customer that no such reporting is available in the public domain and that the topic remains under active monitoring; the customer accepted that position, so the item is closed rather than open.",EventWatch Ops - Nitin Rindhe,
Sep 2026,02-Sep-2026,EAO-33,Geopolitical,Caterpillar,1,Taiwan Strait Conflict Risk Assessment – Missed EventWatch Notification,Complaint,Missed Event,People,Review,Improvement,RCA Shared,Geopolitical conflict risk-assessment scenario monitoring and escalation,Yes,Staged from Jira EAO-33 (In Progress). Caterpillar reported no notification for “Taiwan Strait Conflict Risk Assessment and Potential Global Supply Chain Impact”; CS found no matching event in the backend.,,Yes,9,,Sep 2026,Medium,WarRoom & Decision Validation,"Human error. The analyst marked the event Not Impactful while clearing stories at pace, so it was never escalated for WarRoom consideration. The event was captured and available for review; ingestion, source coverage and mapping did not contribute.",EventWatch Ops - Nitin Rindhe,
Sep 2026,03-Sep-2026,EAO-34,Protest/Riot,Ford,1,Western Balkans Truck Driver/EU Border Blockade – August 31 Update Missed Alert (Ford),Complaint,Missed Event,People,Review,Improvement,RCA Shared,Recurring/evolving-event WarRoom update monitoring and re-escalation detection,Yes,"Staged from Jira EAO-34 (Open). Ford reported a missed alert for the August 31 update to Western Balkans/Serbia-EU border blockade disruptions; CS found the original January 2026 event but needs to confirm whether it was updated to cover this development. Related to the January 2026 Eaton row above (same underlying WarRoom, different customer/date).",,Yes,9,,Sep 2026,Medium,WarRoom & Decision Validation,"Human error. The analyst marked the event Not Impactful while clearing stories at pace, so it was never escalated for WarRoom consideration. The event was captured and available for review; ingestion, source coverage and mapping did not contribute.",EventWatch Ops - Nitin Rindhe,
Sep 2026,07-Sep-2026,EAO-35/EAO-36,Power Outage,Eaton/Ford,2,Punjab Region Risk Event – Supplier Sites Outside the Impact Area Mapped for Impact Confirmation (Eaton/Ford),Complaint,Geographic Misclassification,Product,Mapping,Improvement,RCA Shared,"Geographic validation of supplier site geocodes against the event impact polygon before impact-confirmation requests are issued, so sites outside the affected region cannot be attached to an event",Yes,"One incident reported by two customers on consecutive days, merged from Jira EAO-35 (Eaton, 07-Sep, Open) and EAO-36 (Ford, 08-Sep, Open). Eaton queried why four Tier 1 suppliers including a logistics partner were mapped to a Punjab risk event when their CDIF lists only Kumar Exports in Punjab, with Bhavani Industries (Maharashtra) and MT Autocraft (Himachal Pradesh) also attached and Tier 2 mappings reaching LOROM Industrial (Taipei) and DB Schenker (Barcelona). Ford separately reported that a Punjab power-cut WarRoom sent an impact-confirmation request to SMI AMTEK CRANKSHAFT in Dharuhera, Haryana, and that SNAP shows no active direct Tier 1 suppliers in Punjab at all, generating wasted supplier outreach. The geofence polygon over the affected region was correct and supplier selection is system-driven, so the probable cause is incorrect geocoding of supplier site coordinates rather than an operator or polygon error. Ford requested RCA, immediate corrective action and preventive corrective action. Number of Customers is 2; see the customer exposure table for the per-customer split.",,No,9,,Sep 2026,Medium,AI-Assisted Geofencing,"Supplier selection for this event was system-driven: a polygon was drawn around the affected region in Punjab, so no analyst chose the sites by hand and an incorrect manual selection is not possible. The probable cause is incorrect geocoding placing supplier sites inside the impact area. Reported to Eaton and Ford on that basis.",Product & Platform,
Sep 2026,08-Sep-2026,EAO-37,Extreme Weather,Sandisk,1,"Record Heavy Rain in Yokkaichi City, Japan – No EventWatch Notification (Sandisk)",Complaint,Delayed Event,People,Captured Late,Improvement,RCA Shared,Timeliness monitoring that flags a region already producing captured stories where a related event has not been published within the reporting window,Yes,"Staged from Jira EAO-37 (Open). Sandisk was alerted internally to record heavy rain in Yokkaichi city, Japan and could find no news item or WarRoom for it, despite having loaded their own Yokkaichi sites as suppliers. The customer supplied no public source. CS verified the Sandisk org and then the database across all customer orgs and found no evidence the notification was ever generated, so the event did not enter the system at all rather than being filtered out. RCA requested.",~1 day (customer query 08-Sep-2026 -> EventWatch report 09-Sep-2026),Yes,9,,Sep 2026,Medium,WarRoom & Decision Validation,"Not a coverage gap and not a Not Impactful call. The news was in the public domain and other Japan flooding stories were being captured on the analyst portal at the time; this one was delayed in reporting and only published on 09-Sep-2026, after the customer had raised the query on 08-Sep. Sandisk's complaint is that it never reached the notified section of their portal, which is the downstream effect of the reporting delay rather than a separate visibility defect.",EventWatch Ops - Nitin Rindhe,
Sep 2026,08-Sep-2026,EAO-38,Merger & Acquisition,Eaton,1,Vertiv Acquires UtilityInnovation Group – Supplier Notification and Medium Risk Classification Queried (Eaton),Inquiry,Severity / consolidation handling concern,Process,Policy/Logic,Improvement,Clarification Provided,"Automated enforcement of the M&A notification threshold so acquiring-side suppliers are excluded from impact-confirmation requests, plus a documented basis for the risk classification",No,"Staged from Jira EAO-38 (Open). Eaton queried WarRoom 37485945, 'Vertiv Acquires UtilityInnovation Group' (event date 08-Sep-2026, closed, severity Low). Two questions: why a Supplier Impact Confirmation Request was issued when the supplier is the acquiring party, which the latest Resilinc event-threshold guidance says does not require supplier notification; and why the event was classified Medium risk. The customer wants to know whether scenarios are being missed. A written explanation covering both was requested rather than an RCA.",,No,9,,Sep 2026,Low,WarRoom & Decision Validation,"Not a defect, and the rule has since changed. The Supplier Impact Confirmation was issued in line with one of the customers mapped to that supplier, whose settings called for it, so the request was correct for that account even though Eaton reads the M&A threshold as excluding an acquiring supplier. Under the new process supplier impact is sent to all mapped customers regardless of which side of the transaction the supplier is on, and Eaton was given that explanation together with the basis for the risk grade.",EventWatch Ops - Nitin Rindhe,
Sep 2026,11-Sep-2026,EAO-39,Supply Shortage,Belden Inc,1,TSMC 28nm Production Capacity Reduction – No EventWatch Notification (Belden),Inquiry,Coverage Verification Request,Product,Source Coverage,Improvement,Clarification Provided,"Reconciliation between what the vendor feeds deliver and what actually reaches the analyst portal, so a harvested item that never surfaces is caught rather than found by a customer; plus an evidence grade carried on the event itself - confirmed, credible but unconfirmed, disputed, unsubstantiated, demonstrably false - so a customer can see the basis of a report without asking, and name-collision detection on the mapping surface so a near-identical supplier name is flagged at mapping time",Yes,"EAO-39: Belden asked why they received no EventWatch notification and saw no related news for TSMC's 28nm production capacity reduction. The query ran on through two follow-ups, both part of the same contact rather than separate records. First, on 18-Sep-2026 the customer cited a 22-Jun-2026 report that TSMC denied phasing out 28nm and asked how EventWatch separates real reporting from fake, what criteria establish that a notification is not fake, and whether the 28nm reduction is real; a written assessment was issued covering the source hierarchy, the five evidence grades and the TSMC timeline. Second, on 22-Sep-2026 the customer corrected their own position and confirmed TSMC is not mapped in their BOM - they source the wafer via Broadcom, and the Taiwan Semiconductor entity they had mapped covers resistors and MOSFETs - so no customer notification was owed. Reclassified on review from Complaint to Inquiry with Missed_Flag No, and logged under Source Coverage.",,No,9,,Sep 2026,Medium,Dynamic Source Discovery,"Not a source-coverage gap in the ingestion sense. The news was captured by the vendor sources but never surfaced on the analyst portal, so it was never available for review and no coverage was created; the failure sits between ingestion and the analyst queue. The customer's exposure claim did not hold either: Belden confirmed on 22-Sep-2026 that TSMC is not mapped in their BOM, having mapped Taiwan Semiconductor Co., Ltd. (resistors and MOSFETs) rather than Taiwan Semiconductor Manufacturing Company. The two are different suppliers in different commodities and the near-identical name is what led the customer to expect coverage; nothing in the mapping surface flags that collision. On the authenticity question the report was assessed as credible but unconfirmed public reporting of a selective production and capacity shift at Fab 15A: Commercial Times (22-Jun-2026) reported monthly 28nm wafer starts falling from roughly 200,000 to 150,000 with migration toward 12nm and reallocation to silicon-interposer production, Economic Daily News (May 2026) reported Fab 15A converting toward 4nm, and TrendForce, SemiMedia, Tech in Asia and GuruFocus carried or analysed the same upstream reporting. TSMC stated on 22-Jun-2026 that its overall mature-node strategy was unchanged, which is not contradictory - an unchanged strategy is compatible with selective conversion at one fab. The specific 25 percent reduction came from supply-chain sources and was never confirmed by TSMC, so it is not classified as fake.",Product & Platform,
Sep 2026,11-Sep-2026,EAO-39,Supply Shortage,Belden Inc,1,Murata MLCC Product Line Discontinuation – No EventWatch Notification (Belden),Complaint,Missed Event,People,Review,Improvement,Pending,"Validation step on high-impact component end-of-life and discontinuation notices before an analyst can clear them, so a major supplier's EOL announcement cannot be dismissed at review",Yes,"Staged from Jira EAO-39 (Open). Belden reported receiving no EventWatch notification and seeing no related news for Murata Manufacturing's FY2026 product line optimization, which discontinues specific MLCC part numbers across the GRM, GRJ, GRT, GXM, GXT, GCM, GCJ, GCG and ZRA families; written responses are due by end 2027, final orders by end March 2028 and last shipment 31-Mar-2029. Cause established as an analyst miss at review, not a coverage gap.",,Yes,9,,Sep 2026,Medium,WarRoom & Decision Validation,Analyst miss. The event was available for review and was not escalated into EventWatch coverage. Ingestion and source coverage did not contribute.,EventWatch Ops - Nitin Rindhe,
Sep 2026,11-Sep-2026,EAO-40,Factory Fire,Ford,1,"Precision Resource Facility Fire, Mt. Sterling, Kentucky – Deep-Tier Supplier Event Not Captured (Ford)",Complaint,Missed Event,Product,Source Coverage,Improvement,Pending,"Monitoring of local and regional outlets covering industrial incidents at deep-tier supplier sites, with event-to-supply-chain correlation so a sub-tier fire is linked to the OEMs exposed through it",Yes,"Staged from Jira EAO-40 (Open). Hydraulic press fire at Precision Resource, Mt. Sterling, Kentucky on 08-Sep-2026, with smoke and water-suppression damage to the pressing and machining areas. The facility is a deep-tier supplier to Ford through two Tier-1s, producing fineblanked powertrain, transmission, seating and safety-critical parts. Reported by The Mt. Sterling Advocate; EventWatch neither detected nor broadcast it. The customer has formally requested an RCA, an Interim Corrective Action and a Permanent Corrective Action covering regional industrial incident detection and deep-tier site monitoring.",,Yes,9,,Sep 2026,High,Dynamic Source Discovery,"Source coverage gap, confirmed by Engineering on 17-Sep-2026: the incident was carried by a single outlet, a local Kentucky news reporter that was not part of the vendor's source network, and the vendor was asked to add it. Ford then asked whether the vendor being onboarded next quarter would have covered the event; Engineering confirmed on 24-Sep-2026 that the incoming vendor already carries that source, so the same event would have been captured under the new network. The RCA was amended to carry that statement and posted on 24-Sep-2026; it is with the CSM for review before it goes to the customer, so the record stays Pending.",Product & Platform,
Sep 2026,14-Sep-2026,EAO-41,Bankruptcy,Irving Oil,1,Paystone CCAA Filing – No EventWatch Notification (Irving Oil),Inquiry,Missed insolvency alert,Product,Keyword Update,Improvement,RCA Shared,"Keyword coverage for insolvency and restructuring terminology in the bankruptcy algorithm, with a regression check when a filing type such as CCAA is added, so the same class of filing is not missed twice",Yes,"EAO-41: Irving Oil asked why Paystone's CCAA filing was missed, raised to them by their own senior leadership rather than by EventWatch. Customer Support verified the Irving Oil org and found no corresponding notification, and found no evidence across any customer org that the event notification was generated or sent. Source was insolvencyinsider.ca. Cause established as a keyword miss in the bankruptcy algorithm, fixed by adding new keywords. RCA prepared and reviewed; the CSM closed the ticket on 23-Sep-2026 with no further customer questions outstanding. Logged as an Inquiry on review: the customer raised it as a question and the product connection to Paystone is weak. Missed_Flag stays Yes because the keyword gap and its fix are established, independent of how the contact is classified.",,Yes,9,,Sep 2026,Medium,Dynamic Source Discovery,"Keyword miss in the bankruptcy algorithm: the filing was not matched because the algorithm's keyword set did not cover this filing's terminology. Fixed by adding new keywords. Not a source-coverage gap - the row was staged as one before the investigation reported, and is corrected here. RCA was issued as a PDF attachment whose text is not in Jira.",Product & Platform,23-Sep-2026
Sep 2026,16-Sep-2026,EAO-42,Bankruptcy,Eaton,1,Pollmann Austria GmbH Insolvency – No EventWatch Notification (Eaton),Complaint,Missed insolvency alert,Product,Keyword Update,Improvement,RCA Shared,"Keyword coverage for insolvency and restructuring terminology in the bankruptcy algorithm, with a regression check when a filing type is added, so the same class of filing is not missed twice",Yes,"EAO-42: Eaton reported that Pollmann Austria GmbH entered insolvency/restructuring proceedings on 01-Sep-2026, found through their own supplier engagement rather than EventWatch. No alert had been generated as of 15-Sep, a 15-day awareness delay. Publicly reported by KSV1870, the Austrian credit protection registry, and by ORF. Cause established as a keyword miss in the bankruptcy algorithm, fixed by adding a new keyword. RCA reviewed and approved internally on 20-Sep-2026 and shared with the customer; ticket closed 23-Sep-2026 with no follow-up received.","15 days (01-Sep proceedings - 15-Sep escalation, never published)",Yes,9,,Sep 2026,Medium,Dynamic Source Discovery,"Keyword miss in the bankruptcy algorithm: the filing was not matched because the algorithm's keyword set did not cover this filing's terminology. Fixed by adding a new keyword. Not a registry or source-coverage gap - the row was staged as one before the investigation reported, and is corrected here. This is the second keyword miss in the same bankruptcy algorithm in a week, after EAO-41. RCA was issued as a PDF attachment whose text is not in Jira.",Product & Platform,23-Sep-2026
Sep 2026,18-Sep-2026,EAO-43,Merger & Acquisition,Eaton,1,Clarification on Impact Confirmation Requests for Supplier Acquisitions (Eaton),Inquiry,Monitoring Strategy RFI,Process,Process Clarification,Improvement,Clarification Provided,"Publish the M&A impact-confirmation trigger criteria in-product, so the rationale for an acquiring-side outreach is visible on the request itself instead of being explained per account after the fact",No,"Staged from Jira EAO-43 (In Progress). Eaton asked why Supplier Impact Confirmation requests are issued to a Tier-1 supplier when that supplier is the acquiring party, as distinct from a merger or business sale where integration impact is understandable. Three questions: what specific risks or impacts the notification assesses, which supply chain disruption scenarios are commonly associated with acquisitions, and what criteria Resilinc uses to decide an acquisition event warrants supplier outreach. No event or WarRoom was named and no service failure is alleged. Follows EAO-38, the same account's query on the Vertiv acquisition. A written explanation was issued on 23-Sep-2026.",,No,9,,Sep 2026,Low,WarRoom & Decision Validation,"Not a defect. Under the updated EventWatch Supplier Impact Confirmation methodology the outreach criteria were widened across event types in response to customer requests for greater visibility. For a Merger & Acquisition the confirmation request validates whether the transaction has created operational or supply-chain impact that is not yet publicly known; a 'no impact' reply is itself useful because it confirms continuity of supply, and disruption is not assumed. The trigger ladder given to the customer: Low, neither company mapped and the transaction is an informational industry development, so no confirmation is sent; Medium, a mapped Tier-1 acquires a non-mapped company with no confirmed disruption, so outreach may be initiated to validate impact; High, a mapped company or site has confirmed operational or supply-chain disruption. Where the company being acquired or sold is itself mapped, the event is handled under Business Sale criteria.",EventWatch Ops - Nitin Rindhe,
Sep 2026,24-Sep-2026,EAO-44,Bankruptcy,Eaton,1,UPG Enterprises Chapter 11 Mapped to Mapes & Sprowl - Mapping and Severity Queried (Eaton),Inquiry,Wrong Relevancy,Product,Mapping,Improvement,Clarification Provided,"Scope check on parent-subsidiary linkage for insolvency filings, so a WarRoom is not raised against a subsidiary the filing text explicitly excludes, plus a recorded basis for the severity grade",No,"Staged from Jira EAO-44 (In Progress). Eaton queried the WarRoom 'UPG Enterprises Files for Chapter 11 Bankruptcy in the USA' (event date 23-Sep-2026) created against Mapes & Sprowl. The customer read the source article and points out that although UPG Enterprises and Mapes & Sprowl are corporately linked, the article states the filing is not related to Mapes & Sprowl. Two questions: the rationale for creating the WarRoom against that supplier, and the basis for classifying the event as High severity. Findings and a response were requested rather than a formal RCA. Nitin answered both on the ticket on 24-Sep-2026.",,No,9,,Sep 2026,Medium,Entity & Supplier Resolution,"Deliberate precautionary scoping, explained to the customer on 24-Sep-2026. Mapes & Sprowl is an affiliate operating within the UPG family of companies, and the official press release stated that UPG Enterprises LLC filed for Chapter 11 together with certain of its affiliates. That announcement did name UPG's international operations and UPG Electrical and its subsidiaries as outside the filing, but Mapes & Sprowl was not among the entities explicitly excluded. Given the complex corporate hierarchies typical of industrial holding groups and the broad umbrella language of the initial disclosure, connected entities were included in the WarRoom as a precautionary early-warning measure to minimise visibility gaps. Inclusion was not a statement that Mapes & Sprowl had itself filed: the WarRoom gives supply chain and procurement teams a workspace to begin supplier outreach, establish which operating entities fall inside the filing scope, and assess upstream or downstream impact from the parent's restructuring. On severity, the Bankruptcy-specific reporting guideline in the EventWatch Thresholds and Guidelines states that a mapped company is reported with High severity, and Mapes & Sprowl was identified as mapped during the initial assessment, so High followed from that rule.",Product & Platform,
Sep 2026,24-Sep-2026,EAO-45,Factory Fire,Ford,1,Purflux Group Filter Systems Maroc Facility Fire - 10-11 Day Alert Delay (Ford),Inquiry,Delayed Event,Product,Captured Late,Improvement,Pending,"Latency monitoring on the gap between an incident's first public report and EventWatch publication, so a multi-day lag on a Tier-1 manufacturing site raises an internal alarm instead of waiting for the customer to notice",Yes,"EAO-45: Ford reported a fire at Purflux Group's Filter Systems Maroc plant in Morocco on 11/12-Sep-2026 that Resilinc published only on 22-Sep-2026, a 10 to 11 day lag. Purflux supplies oil, fuel, air and cabin filtration to automotive powertrain and vehicle assembly lines, and the company issued its own official statement at the time. Ford has requested a formal RCA plus interim and permanent corrective actions covering regional event detection across North African and European manufacturing hubs. Logged as an Inquiry on review. EventWatch review established that no article carrying the company name was captured on the portal on 11-Sep-2026; the rest of the delay is still under investigation.",~10-11 days (event 11/12-Sep-2026 -> published 22-Sep-2026),Yes,9,252,Sep 2026,High,Dynamic Source Discovery,"No news article carrying the company name was captured on the EventWatch portal on 11-Sep-2026, the date Ford gives for the incident, so there was no item available to publish on that date. The remainder of the interval to the 22-Sep-2026 publication is still under investigation, so Root Cause, Sub-type and Standard Automation Focus on this record remain provisional.",Product & Platform,
